{
  "train_loss": [
    1.2288463174184086,
    1.1620441476740258,
    1.1105135645654725,
    1.0687073748651255,
    1.0341816008426985,
    1.0055098202848647,
    0.9813454629714855,
    0.9602946030205642,
    0.9426286474735097,
    0.9270527772385543,
    0.9132224786211628,
    0.9016357563354782,
    0.8909458325062307,
    0.8815925503714356,
    0.8731647728326254,
    0.8653321612212496,
    0.8580797649321865,
    0.8516492760771837,
    0.8458073876861959,
    0.8403100337384002,
    0.8352093227911819,
    0.8303772314389837,
    0.8256220867777581,
    0.8214244258335337,
    0.8173363024495232,
    0.8136208364824132,
    0.8096754147027541,
    0.806374398019553,
    0.8034818612916763,
    0.8005489727387409,
    0.7978017893060675,
    0.7949868856103384,
    0.7922220942337832,
    0.789815169752565,
    0.7874621077751502,
    0.7849478642478555,
    0.7828478148766057,
    0.7808125615305613,
    0.7786914429624031,
    0.7769004948346785,
    0.7749220705674458,
    0.7731862380864883,
    0.7713456386948725,
    0.7695058086452584,
    0.7679003873128701,
    0.7663658138554537,
    0.7646747815630485,
    0.7631676309049007,
    0.7614381231977931,
    0.760104186940468,
    0.7587265766679625,
    0.7572846741854798,
    0.7560163015003094,
    0.7548268365846117,
    0.7535735149707687,
    0.7525169465745218,
    0.75125352867911,
    0.7501551398950749,
    0.7488856189079932,
    0.747863642445623,
    0.7468465702418217,
    0.7457847282598815,
    0.7449016376912622,
    0.7439764289736447,
    0.7430094130159649,
    0.7420467955215686,
    0.741225917389117,
    0.7402546973360244,
    0.7394160613204261,
    0.7385559686238089,
    0.7376941879600002,
    0.7371075551627693,
    0.7363200170470149,
    0.7355886117736448,
    0.7347542813559259,
    0.7340547378412654,
    0.7335266183525098,
    0.7328913666557267,
    0.7324711807723188,
    0.7318523950977012,
    0.7309800633000415,
    0.7302295978532426,
    0.7296998226483605,
    0.7289467394799589,
    0.728479067564758,
    0.7279019522067716,
    0.7273553673547251,
    0.7267225901538195,
    0.7261628560961462,
    0.7256599921448376,
    0.7250929417603771,
    0.7246012819966787,
    0.7239725220824174,
    0.7234987317814267,
    0.7229336652189703,
    0.7224810765433873,
    0.7219281046996311,
    0.7214313981743201,
    0.7209743906810069,
    0.7205477232885504
  ],
  "val_loss": [
    1.365384797131565,
    1.2911601640822508,
    1.2339039606283027,
    1.1874526387390283,
    1.1490906676029984,
    1.1172331336498496,
    1.090383847746095,
    1.0669940033561824,
    1.0473651638594552,
    1.0300586413761714,
    1.014691642912403,
    1.0018175070394202,
    0.9899398138958119,
    0.9795472781904839,
    0.9701830809251393,
    0.9614801791347217,
    0.9534219610357628,
    0.9462769734190929,
    0.9397859863179954,
    0.933677815264889,
    0.9280103586568688,
    0.9226413682655374,
    0.9173578741975089,
    0.9126938064817041,
    0.9081514471661368,
    0.9040231516471258,
    0.8996393496697267,
    0.8959715533550588,
    0.8927576236574181,
    0.889498858598601,
    0.8864464325622972,
    0.8833187617892648,
    0.8802467713708703,
    0.8775724108361833,
    0.8749578975279447,
    0.8721642936087283,
    0.8698309054184508,
    0.8675695128117348,
    0.8652127144026701,
    0.8632227720385316,
    0.8610245228527175,
    0.8590958200960982,
    0.8570507096609694,
    0.8550064540502871,
    0.8532226525698557,
    0.8515175709505041,
    0.8496386461811649,
    0.8479640343387785,
    0.846042359108659,
    0.8445602077116311,
    0.8430295296310695,
    0.8414274157616443,
    0.8400181127781216,
    0.838696485094013,
    0.8373039055230763,
    0.8361299406383575,
    0.8347261429767888,
    0.8335057109945276,
    0.8320951321199924,
    0.8309596027173588,
    0.8298295224909129,
    0.828649698066535,
    0.8276684863236247,
    0.8266404766373829,
    0.8255660144621833,
    0.8244964394684096,
    0.8235843526545744,
    0.8225052192622494,
    0.8215734014671401,
    0.8206177429153432,
    0.8196602088444447,
    0.8190083946252992,
    0.8181333522744609,
    0.8173206797484942,
    0.8163936459510288,
    0.8156163753791837,
    0.815029575947233,
    0.8143237407285853,
    0.8138568675247986,
    0.8131693278863347,
    0.8122000703333795,
    0.8113662198369362,
    0.8107775807204005,
    0.8099408216443987,
    0.8094211861830645,
    0.8087799468964129,
    0.8081726303941389,
    0.8074695446153549,
    0.8068476178846068,
    0.8062888801609306,
    0.8056588241781968,
    0.8051125355518652,
    0.8044139134249082,
    0.8038874797571407,
    0.8032596280210781,
    0.8027567517148748,
    0.8021423385551456,
    0.8015904424159113,
    0.8010826563122299,
    0.8006085814317226
  ],
  "val_accuracy": [
    0.7175158647033455,
    0.7175158647033455,
    0.7175158647033455,
    0.7175158647033455,
    0.7175158647033455,
    0.7175158647033455,
    0.7175158647033455,
    0.7175158647033455,
    0.7175158647033455,
    0.7175158647033455,
    0.7175158647033455,
    0.7175158647033455,
    0.7175158647033455,
    0.7175158647033455,
    0.7175158647033455,
    0.7175158647033455,
    0.7175158647033455,
    0.7175158647033455,
    0.7175158647033455,
    0.7175158647033455,
    0.7175158647033455,
    0.7175158647033455,
    0.7175158647033455,
    0.7175158647033455,
    0.7175158647033455,
    0.7175158647033455,
    0.7175158647033455,
    0.7175158647033455,
    0.7175158647033455,
    0.7175158647033455,
    0.7175158647033455,
    0.7175158647033455,
    0.7175158647033455,
    0.7175158647033455,
    0.7175158647033455,
    0.7175158647033455,
    0.7175158647033455,
    0.7175158647033455,
    0.7175158647033455,
    0.7175158647033455,
    0.7175158647033455,
    0.7175158647033455,
    0.7175158647033455,
    0.7175158647033455,
    0.7175158647033455,
    0.7175158647033455,
    0.7175158647033455,
    0.7175158647033455,
    0.7175158647033455,
    0.7175158647033455,
    0.7175158647033455,
    0.7175158647033455,
    0.7175158647033455,
    0.7175158647033455,
    0.7175158647033455,
    0.7175158647033455,
    0.7175158647033455,
    0.7175158647033455,
    0.7175158647033455,
    0.7175158647033455,
    0.7175158647033455,
    0.7175158647033455,
    0.7175158647033455,
    0.7175158647033455,
    0.7175158647033455,
    0.7175158647033455,
    0.7175158647033455,
    0.7175158647033455,
    0.7175158647033455,
    0.7175158647033455,
    0.7175158647033455,
    0.7175158647033455,
    0.7175158647033455,
    0.7175158647033455,
    0.7175158647033455,
    0.7175158647033455,
    0.7175158647033455,
    0.7175158647033455,
    0.7175158647033455,
    0.7175158647033455,
    0.7175158647033455,
    0.7175158647033455,
    0.7175158647033455,
    0.7175158647033455,
    0.7175158647033455,
    0.7175158647033455,
    0.7175158647033455,
    0.7175158647033455,
    0.7175158647033455,
    0.7175158647033455,
    0.7175158647033455,
    0.7175158647033455,
    0.7175158647033455,
    0.7175158647033455,
    0.7175158647033455,
    0.7175158647033455,
    0.7175158647033455,
    0.7175158647033455,
    0.7175158647033455,
    0.7175158647033455
  ],