{
  "accuracy": 0.7175158647033455,
  "f1_macro": 0.5925034531650256,
  "confusion_matrix": [
    [
      3580,
      602,
      23,
      347,
      28,
      2
    ],
    [
      252,
      4879,
      51,
      593,
      49,
      11
    ],
    [
      84,
      217,
      561,
      133,
      11,
      10
    ],
    [
      270,
      719,
      36,
      2344,
      35,
      7
    ],
    [
      185,
      349,
      49,
      274,
      171,
      28
    ],
    [
      36,
      110,
      17,
      42,
      15,
      111
    ]
  ],
  "class_names": [
    "Anxiety",
    "BPD",
    "Bipolar",
    "Depression",
    "Mental Illness",
    "Schizophrenia"
  ]
}